"WTnt","Mut","num","WTAA","MUTAA","bigAAChange","makesCpG","ProRT","EstSelCoeff","Mut","WTnt.1"
"g","a",49,"G","R",1,0,"Pro",1,"a","a"
"c","t",67,"L","L",0,0,"Pro",0.024,"t","t"
"c","t",67,"L","L",0,0,"Pro",0.024,"t","t"
"g","a",79,"G","R",1,0,"Pro",1,"a","a"
"g","a",88,"D","N",1,0,"Pro",1,"a","a"
"a","g",99,"L","L",0,0,"Pro",0.028,"g","g"
"a","g",99,"L","L",0,0,"Pro",0.028,"g","g"
"g","a",100,"E","K",1,0,"Pro",1,"a","a"
"t","c",112,"L","L",0,0,"Pro",0.011,"c","c"
"t","c",112,"L","L",0,0,"Pro",0.011,"c","c"
"g","a",118,"G","R",1,0,"Pro",1,"a","a"
"t","c",124,"W","R",1,1,"Pro",0.067,"c","c"
"c","t",131,"P","L",1,0,"Pro",1,"t","t"
"a","g",141,"I","M",0,0,"Pro",1,"g","g"
"a","g",186,"I","M",0,0,"Pro",0.085,"g","g"
"g","a",202,"G","R",1,0,"Pro",1,"a","a"
"t","c",207,"H","H",0,0,"Pro",0.034,"c","c"
"t","c",207,"H","H",0,0,"Pro",0.034,"c","c"
"g","a",218,"G","D",1,0,"Pro",1,"a","a"
"g","a",232,"G","R",1,0,"Pro",1,"a","a"
"c","t",235,"P","S",1,0,"Pro",1,"t","t"
"c","t",236,"P","L",1,0,"Pro",1,"t","t"
"g","a",270,"L","L",0,0,"Pro",0.053,"a","a"
"g","a",270,"L","L",0,0,"Pro",0.053,"a","a"
"c","t",272,"T","I",1,0,"Pro",1,"t","t"
"t","c",278,"I","T",1,0,"Pro",0.042,"c","c"
"g","a",280,"G","S",1,0,"Pro",1,"a","a"
"c","t",287,"T","I",1,0,"Pro",1,"t","t"
"a","g",291,"L","L",0,0,"Pro",0.021,"g","g"
"a","g",291,"L","L",0,0,"Pro",0.021,"g","g"
"a","g",293,"N","S",0,0,"Pro",0.055,"g","g"
"a","g",4,"I","V",0,1,"RT",0.026,"g","g"
"a","g",27,"P","P",0,1,"RT",0.02,"g","g"
"a","g",27,"P","P",0,1,"RT",0.02,"g","g"
"c","t",40,"P","S",1,0,"RT",1,"t","t"
"g","a",43,"G","R",1,0,"RT",1,"a","a"
"t","c",47,"M","T",1,1,"RT",0.047,"c","c"
"g","a",52,"G","S",1,0,"RT",1,"a","a"
"a","g",58,"K","E",1,0,"RT",1,"g","g"
"c","t",74,"P","L",1,0,"RT",1,"t","t"
"c","t",80,"T","I",1,0,"RT",1,"t","t"
"a","g",93,"I","M",0,0,"RT",1,"g","g"
"t","c",112,"C","R",1,1,"RT",0.046,"c","c"
"g","a",118,"E","K",1,0,"RT",1,"a","a"
"t","c",141,"I","I",0,0,"RT",0.012,"c","c"
"t","c",141,"I","I",0,0,"RT",0.012,"c","c"
"c","t",143,"S","L",1,0,"RT",1,"t","t"
"a","g",145,"K","E",1,0,"RT",0.042,"g","g"
"a","g",167,"Y","C",1,0,"RT",0.039,"g","g"
"g","a",178,"V","I",0,0,"RT",1,"a","a"
"t","c",188,"I","T",1,0,"RT",0.046,"c","c"
"a","g",189,"I","M",0,0,"RT",0.032,"g","g"
"t","c",221,"L","S",1,0,"RT",0.07,"c","c"
"g","a",233,"R","K",0,0,"RT",1,"a","a"
"c","t",238,"L","F",0,0,"RT",1,"t","t"
"c","t",286,"H","Y",1,0,"RT",1,"t","t"
"c","t",290,"P","L",1,0,"RT",1,"t","t"
"g","a",295,"G","R",1,0,"RT",1,"a","a"
"g","a",306,"K","K",0,0,"RT",0.081,"a","a"
"g","a",306,"K","K",0,0,"RT",0.081,"a","a"
"a","g",310,"K","E",1,0,"RT",0.052,"g","g"
"a","g",312,"K","K",0,0,"RT",0.015,"g","g"
"a","g",312,"K","K",0,0,"RT",0.015,"g","g"
"c","t",314,"S","L",1,0,"RT",1,"t","t"
"a","g",344,"Y","C",1,0,"RT",0.042,"g","g"
"c","t",350,"S","L",1,0,"RT",1,"t","t"
"c","t",355,"P","S",1,0,"RT",1,"t","t"
"c","t",369,"D","D",0,0,"RT",0.012,"t","t"
"c","t",369,"D","D",0,0,"RT",0.012,"t","t"
"c","t",383,"T","I",1,0,"RT",1,"t","t"
"c","t",392,"T","I",1,0,"RT",1,"t","t"
"c","t",448,"P","S",1,0,"RT",1,"t","t"
"g","a",463,"G","R",1,0,"RT",1,"a","a"
"a","g",474,"A","A",0,1,"RT",0.021,"g","g"
"a","g",474,"A","A",0,1,"RT",0.021,"g","g"
"a","g",477,"I","M",0,0,"RT",0.029,"g","g"
"c","t",489,"S","S",0,0,"RT",0.022,"t","t"
"c","t",489,"S","S",0,0,"RT",0.022,"t","t"
"g","a",505,"E","K",1,0,"RT",1,"a","a"
"c","t",509,"P","L",1,0,"RT",1,"t","t"
"c","t",527,"P","L",1,0,"RT",1,"t","t"
"a","g",528,"P","P",0,1,"RT",0.019,"g","g"
"a","g",528,"P","P",0,1,"RT",0.019,"g","g"
"t","c",578,"L","S",1,0,"RT",1,"c","c"
"g","a",652,"D","N",1,0,"RT",1,"a","a"
"c","t",654,"D","D",0,0,"RT",0.013,"t","t"
"c","t",654,"D","D",0,0,"RT",0.013,"t","t"
"c","t",676,"P","S",1,0,"RT",1,"t","t"
