"WTnt","num","WTnt.1","WTAA","AAnum","MUTAA","bigAAChange","makesCpG","ProRT","SelCoeff"
"a",63,"g","E",21,"E",0,0,"Pro",0.001
"g",79,"a","G",27,"R",1,0,"Pro",1
"t",95,"c","V",32,"A",0,0,"Pro",0.015
"a",99,"g","L",33,"L",0,0,"Pro",0.003
"t",111,"c","N",37,"N",0,0,"Pro",0.002
"t",112,"c","L",38,"L",0,0,"Pro",0.005
"t",124,"c","W",42,"R",1,1,"Pro",0.017
"a",135,"g","K",45,"K",0,0,"Pro",0.003
"a",153,"g","G",51,"G",0,0,"Pro",0.002
"t",159,"c","F",53,"F",0,0,"Pro",0.002
"a",163,"g","K",55,"E",1,1,"Pro",0.011
"t",180,"c","D",60,"D",0,0,"Pro",0.001
"g",218,"a","G",73,"D",1,0,"Pro",1
"g",232,"a","G",78,"R",1,0,"Pro",1
"c",235,"t","P",79,"S",1,0,"Pro",1
"g",280,"a","G",94,"S",1,0,"Pro",1
"c",287,"t","T",96,"I",1,0,"Pro",1
"t",290,"c","L",97,"S",1,0,"Pro",0.027
"a",291,"g","L",97,"L",0,0,"Pro",0.003
"a",293,"g","N",98,"S",0,0,"Pro",0.035
"a",301,"g","I",2,"V",0,1,"RT",0.026
"t",309,"c","P",4,"P",0,0,"RT",0.002
"g",340,"a","G",15,"R",1,0,"RT",1
"g",349,"a","G",18,"S",1,0,"RT",1
"a",355,"g","K",20,"E",1,0,"RT",1
"c",371,"t","P",25,"L",1,0,"RT",1
"t",389,"c","I",31,"T",1,0,"RT",0.038
"a",390,"g","I",31,"M",0,0,"RT",1
"c",440,"t","S",48,"L",1,0,"RT",1
"t",485,"c","I",63,"T",1,0,"RT",0.046
"a",486,"g","I",63,"M",0,0,"RT",0.022
"g",489,"a","K",64,"K",0,0,"RT",0.007
"g",530,"a","R",78,"K",0,0,"RT",1
"c",535,"t","L",80,"F",0,0,"RT",1
"t",572,"c","L",92,"S",1,0,"RT",0.024
"c",583,"t","H",96,"Y",1,0,"RT",1
"c",587,"t","P",97,"L",1,0,"RT",1
"g",592,"a","G",99,"R",1,0,"RT",1
"g",603,"a","K",102,"K",0,0,"RT",0.029
"t",610,"c","S",105,"P",1,0,"RT",0.019
"c",611,"t","S",105,"L",1,0,"RT",1
"g",628,"a","V",111,"M",0,0,"RT",0.592
"c",647,"t","S",117,"L",1,0,"RT",1
"a",648,"g","S",117,"S",0,1,"RT",0.005
"t",676,"c","Y",127,"H",1,0,"RT",0.026
"c",745,"t","P",150,"S",1,0,"RT",1
"a",774,"g","I",159,"M",0,0,"RT",0.017
"a",779,"g","Q",161,"R",1,1,"RT",0.011
"a",796,"g","I",167,"V",0,0,"RT",0.016
"c",824,"t","P",176,"L",1,0,"RT",1
"t",830,"c","I",178,"T",1,0,"RT",0.02
"a",845,"g","Y",183,"C",1,0,"RT",0.018
"a",897,"g","T",200,"T",0,1,"RT",0.005
"a",945,"g","T",216,"T",0,1,"RT",0.006
"g",949,"a","D",218,"N",1,0,"RT",1
"c",973,"t","P",226,"S",1,0,"RT",1
